old,new
"children, youth and familie",youth
"children, youth, and families",youth
"children, youth and families",youth
youth development,youth
disaster relief and preparedness,disaster relief
drug research and treatment,drug treatment
drug treatment economic development,drug treatment
education environment/sustainable growth,education
educational programming related to documentary film,education
educationfestivals and events,festivals and events
"faith-based, religious",faith-based/religious
food insecurity/nutritio,food insecurity
food insecurity/nutrition,food insecurity
food insecurity/nutritionist,food insecurity
gbtq,lgbtq
health,health/nutrition
"health/nutrition, active living, coalitions with a health focus
",health/nutrition
housing international development,housing
homeless services to include housing,homelessness
housing people or communities of color/minorities,housing
lgbtq+,lgbtq
lgbtqia2+,lgbtq
mental health and addiction,mental health
open space/park,open space/parks
parks/open space,open space/parks
people or communities of color/minoritie,people or communities of color/minorities
"people or communities of color/minorities – media-african american stories, black families farming",people or communities of color/minorities
people or communities of color/minorities/lgbtq,people or communities of color/minorities
social services youth development,youth
social servicesveterans,veterans
women youth development,women
"women, infants, and children (wic)",women
youth development services,youth
"youth/adult development & empowerment
",youth
